millis,stamp,datetime,motion
1000, 1564331867, 2019/7/28 16:37:47, Inactive
1999, 1564331868, 2019/7/28 16:37:48, Inactive
2999, 1564331869, 2019/7/28 16:37:49, Active
3999, 1564331870, 2019/7/28 16:37:50, Active
5000, 1564331871, 2019/7/28 16:37:51, Inactive
5999, 1564331872, 2019/7/28 16:37:52, Inactive
6999, 1564331873, 2019/7/28 16:37:53, Inactive
7999, 1564331874, 2019/7/28 16:37:54, Inactive
8999, 1564331875, 2019/7/28 16:37:55, Inactive
9999, 1564331876, 2019/7/28 16:37:56, Inactive
10999, 1564331877, 2019/7/28 16:37:57, Active
11999, 1564331878, 2019/7/28 16:37:58, Active
12999, 1564331879, 2019/7/28 16:37:59, Inactive
14000, 1564331880, 2019/7/28 16:38:0, Inactive
14999, 1564331881, 2019/7/28 16:38:1, Inactive
15998, 1564331882, 2019/7/28 16:38:2, Inactive
16999, 1564331883, 2019/7/28 16:38:3, Inactive
17999, 1564331884, 2019/7/28 16:38:4, Inactive
18999, 1564331885, 2019/7/28 16:38:5, Inactive
19999, 1564331886, 2019/7/28 16:38:6, Active
20999, 1564331887, 2019/7/28 16:38:7, Active
21999, 1564331888, 2019/7/28 16:38:8, Inactive
23000, 1564331889, 2019/7/28 16:38:9, Inactive
23999, 1564331890, 2019/7/28 16:38:10, Inactive
24999, 1564331891, 2019/7/28 16:38:11, Inactive
25999, 1564331892, 2019/7/28 16:38:12, Inactive
26998, 1564331893, 2019/7/28 16:38:13, Inactive
27999, 1564331894, 2019/7/28 16:38:14, Inactive
28999, 1564331895, 2019/7/28 16:38:15, Inactive
29999, 1564331896, 2019/7/28 16:38:16, Active
30999, 1564331897, 2019/7/28 16:38:17, Active
32000, 1564331898, 2019/7/28 16:38:18, Active
32999, 1564331899, 2019/7/28 16:38:19, Inactive
33999, 1564331900, 2019/7/28 16:38:20, Inactive
34999, 1564331901, 2019/7/28 16:38:21, Inactive
35999, 1564331902, 2019/7/28 16:38:22, Inactive
36999, 1564331903, 2019/7/28 16:38:23, Inactive
37999, 1564331904, 2019/7/28 16:38:24, Inactive
39000, 1564331905, 2019/7/28 16:38:25, Active
39999, 1564331906, 2019/7/28 16:38:26, Active
40998, 1564331907, 2019/7/28 16:38:27, Inactive
41999, 1564331908, 2019/7/28 16:38:28, Inactive
42999, 1564331909, 2019/7/28 16:38:29, Inactive
43999, 1564331910, 2019/7/28 16:38:30, Inactive
44999, 1564331911, 2019/7/28 16:38:31, Inactive
46000, 1564331912, 2019/7/28 16:38:32, Inactive
46999, 1564331913, 2019/7/28 16:38:33, Active
48000, 1564331914, 2019/7/28 16:38:34, Active
48999, 1564331915, 2019/7/28 16:38:35, Active
49999, 1564331916, 2019/7/28 16:38:36, Inactive
50999, 1564331917, 2019/7/28 16:38:37, Inactive
51999, 1564331918, 2019/7/28 16:38:38, Inactive
52999, 1564331919, 2019/7/28 16:38:39, Inactive
53999, 1564331920, 2019/7/28 16:38:40, Inactive
55000, 1564331921, 2019/7/28 16:38:41, Active
55999, 1564331922, 2019/7/28 16:38:42, Active
56999, 1564331923, 2019/7/28 16:38:43, Active
57999, 1564331924, 2019/7/28 16:38:44, Inactive
58999, 1564331925, 2019/7/28 16:38:45, Inactive
59999, 1564331926, 2019/7/28 16:38:46, Inactive
60999, 1564331927, 2019/7/28 16:38:47, Inactive
61999, 1564331928, 2019/7/28 16:38:48, Inactive
62999, 1564331929, 2019/7/28 16:38:49, Inactive
64000, 1564331930, 2019/7/28 16:38:50, Inactive
64999, 1564331931, 2019/7/28 16:38:51, Active
65999, 1564331932, 2019/7/28 16:38:52, Active
66999, 1564331933, 2019/7/28 16:38:53, Active
67999, 1564331934, 2019/7/28 16:38:54, Inactive
68999, 1564331935, 2019/7/28 16:38:55, Inactive
69999, 1564331936, 2019/7/28 16:38:56, Inactive
71000, 1564331937, 2019/7/28 16:38:57, Inactive
71999, 1564331938, 2019/7/28 16:38:58, Inactive
72998, 1564331939, 2019/7/28 16:38:59, Inactive
73999, 1564331940, 2019/7/28 16:39:0, Active
74999, 1564331941, 2019/7/28 16:39:1, Active
76000, 1564331942, 2019/7/28 16:39:2, Active
76999, 1564331943, 2019/7/28 16:39:3, Inactive
77999, 1564331944, 2019/7/28 16:39:4, Inactive
78999, 1564331945, 2019/7/28 16:39:5, Inactive
80000, 1564331946, 2019/7/28 16:39:6, Inactive
80999, 1564331947, 2019/7/28 16:39:7, Inactive
81999, 1564331948, 2019/7/28 16:39:8, Active
82999, 1564331949, 2019/7/28 16:39:9, Active
83999, 1564331950, 2019/7/28 16:39:10, Inactive
85000, 1564331951, 2019/7/28 16:39:11, Inactive
85999, 1564331952, 2019/7/28 16:39:12, Inactive
87000, 1564331953, 2019/7/28 16:39:13, Inactive
87999, 1564331954, 2019/7/28 16:39:14, Inactive
88999, 1564331955, 2019/7/28 16:39:15, Inactive
89999, 1564331956, 2019/7/28 16:39:16, Active
90999, 1564331957, 2019/7/28 16:39:17, Active
91999, 1564331958, 2019/7/28 16:39:18, Active
92999, 1564331959, 2019/7/28 16:39:19, Inactive
93999, 1564331960, 2019/7/28 16:39:20, Inactive
94999, 1564331961, 2019/7/28 16:39:21, Inactive
96000, 1564331962, 2019/7/28 16:39:22, Inactive
96999, 1564331963, 2019/7/28 16:39:23, Inactive
97999, 1564331964, 2019/7/28 16:39:24, Active
98999, 1564331965, 2019/7/28 16:39:25, Active
99999, 1564331966, 2019/7/28 16:39:26, Active
100999, 1564331967, 2019/7/28 16:39:27, Inactive
101999, 1564331968, 2019/7/28 16:39:28, Inactive
103000, 1564331969, 2019/7/28 16:39:29, Inactive
103999, 1564331970, 2019/7/28 16:39:30, Inactive
104999, 1564331971, 2019/7/28 16:39:31, Inactive
105999, 1564331972, 2019/7/28 16:39:32, Active
106999, 1564331973, 2019/7/28 16:39:33, Active
107999, 1564331974, 2019/7/28 16:39:34, Inactive
108999, 1564331975, 2019/7/28 16:39:35, Inactive
109999, 1564331976, 2019/7/28 16:39:36, Inactive
110999, 1564331977, 2019/7/28 16:39:37, Inactive
112000, 1564331978, 2019/7/28 16:39:38, Inactive
112999, 1564331979, 2019/7/28 16:39:39, Inactive
113999, 1564331980, 2019/7/28 16:39:40, Inactive
114999, 1564331981, 2019/7/28 16:39:41, Active
115999, 1564331982, 2019/7/28 16:39:42, Active
116999, 1564331983, 2019/7/28 16:39:43, Inactive
117999, 1564331984, 2019/7/28 16:39:44, Inactive
119000, 1564331985, 2019/7/28 16:39:45, Inactive
119999, 1564331986, 2019/7/28 16:39:46, Inactive
120999, 1564331987, 2019/7/28 16:39:47, Inactive
121999, 1564331988, 2019/7/28 16:39:48, Inactive
122998, 1564331989, 2019/7/28 16:39:49, Active
123999, 1564331990, 2019/7/28 16:39:50, Active
124999, 1564331991, 2019/7/28 16:39:51, Active
125999, 1564331992, 2019/7/28 16:39:52, Inactive
126999, 1564331993, 2019/7/28 16:39:53, Inactive
128000, 1564331994, 2019/7/28 16:39:54, Inactive
128998, 1564331995, 2019/7/28 16:39:55, Inactive
129999, 1564331996, 2019/7/28 16:39:56, Inactive
130999, 1564331997, 2019/7/28 16:39:57, Inactive
131999, 1564331998, 2019/7/28 16:39:58, Active
132999, 1564331999, 2019/7/28 16:39:59, Active
133999, 1564332000, 2019/7/28 16:40:0, Active
134999, 1564332001, 2019/7/28 16:40:1, Inactive
135999, 1564332002, 2019/7/28 16:40:2, Inactive
136999, 1564332003, 2019/7/28 16:40:3, Inactive
137999, 1564332004, 2019/7/28 16:40:4, Inactive
138999, 1564332005, 2019/7/28 16:40:5, Inactive
139999, 1564332006, 2019/7/28 16:40:6, Inactive
140999, 1564332007, 2019/7/28 16:40:7, Inactive
141999, 1564332008, 2019/7/28 16:40:8, Active
142999, 1564332009, 2019/7/28 16:40:9, Active
144000, 1564332010, 2019/7/28 16:40:10, Active
144999, 1564332011, 2019/7/28 16:40:11, Inactive
145998, 1564332012, 2019/7/28 16:40:12, Inactive
146999, 1564332013, 2019/7/28 16:40:13, Inactive
147999, 1564332014, 2019/7/28 16:40:14, Inactive
148999, 1564332015, 2019/7/28 16:40:15, Inactive
149999, 1564332016, 2019/7/28 16:40:16, Active
151000, 1564332017, 2019/7/28 16:40:17, Active
151999, 1564332018, 2019/7/28 16:40:18, Active
152999, 1564332019, 2019/7/28 16:40:19, Inactive
153999, 1564332020, 2019/7/28 16:40:20, Inactive
154999, 1564332021, 2019/7/28 16:40:21, Inactive
155999, 1564332022, 2019/7/28 16:40:22, Inactive
156999, 1564332023, 2019/7/28 16:40:23, Inactive
157999, 1564332024, 2019/7/28 16:40:24, Inactive
158999, 1564332025, 2019/7/28 16:40:25, Inactive
160000, 1564332026, 2019/7/28 16:40:26, Inactive
160999, 1564332027, 2019/7/28 16:40:27, Active
161999, 1564332028, 2019/7/28 16:40:28, Active
162999, 1564332029, 2019/7/28 16:40:29, Inactive
163998, 1564332030, 2019/7/28 16:40:30, Inactive
164999, 1564332031, 2019/7/28 16:40:31, Inactive
165999, 1564332032, 2019/7/28 16:40:32, Inactive
166999, 1564332033, 2019/7/28 16:40:33, Inactive
167999, 1564332034, 2019/7/28 16:40:34, Inactive
168999, 1564332035, 2019/7/28 16:40:35, Inactive
169999, 1564332036, 2019/7/28 16:40:36, Inactive
170998, 1564332037, 2019/7/28 16:40:37, Inactive
171999, 1564332038, 2019/7/28 16:40:38, Active
172999, 1564332039, 2019/7/28 16:40:39, Active
173999, 1564332040, 2019/7/28 16:40:40, Active
174999, 1564332041, 2019/7/28 16:40:41, Inactive
176000, 1564332042, 2019/7/28 16:40:42, Inactive
176999, 1564332043, 2019/7/28 16:40:43, Inactive
177999, 1564332044, 2019/7/28 16:40:44, Inactive
178999, 1564332045, 2019/7/28 16:40:45, Inactive
179999, 1564332046, 2019/7/28 16:40:46, Inactive
180999, 1564332047, 2019/7/28 16:40:47, Inactive
181999, 1564332048, 2019/7/28 16:40:48, Active
183000, 1564332049, 2019/7/28 16:40:49, Active
183999, 1564332050, 2019/7/28 16:40:50, Active
184999, 1564332051, 2019/7/28 16:40:51, Inactive
185999, 1564332052, 2019/7/28 16:40:52, Inactive
186999, 1564332053, 2019/7/28 16:40:53, Inactive
187999, 1564332054, 2019/7/28 16:40:54, Inactive
188999, 1564332055, 2019/7/28 16:40:55, Inactive
